01_12_v44_i03.pdf,https://drive.google.com/file/d/15iIvy4_WwmTmY3Cl1vOPaqPZjxqaBogH/view?usp=sharing
04_20_v52_i05.pdf,https://drive.google.com/file/d/1bHov5bv8aKekUVmf_Iyvt49qpCmj1rFF/view?usp=sharing
04_18_v50_i05.pdf,https://drive.google.com/file/d/14XSLJwtMTS7AQ4FY5RHYpBI_McB2_pcN/view?usp=sharing
04_19_v51_i05.pdf,https://drive.google.com/file/d/1qz8EKrFRc1e3c5R0tz9p1j-qngFUTwv9/view?usp=sharing
12_19_v52_i03.pdf,https://drive.google.com/file/d/1qqK2tS6TWE3gTO6RIMYYVQw_7e4eM2rv/view?usp=sharing
02_18_v50_i04.pdf,https://drive.google.com/file/d/1RJaGIScNd4-G_pMNIt9kEFkvDziQxGRH/view?usp=sharing
02_11_v45_i04.pdf,https://drive.google.com/file/d/1FLLIRgMVpx2chKpZ1FEXw1xasCrEcqST/view?usp=sharing
02_19_v51_i04.pdf,https://drive.google.com/file/d/1DIbLJq1QRfL1qZcdS1JJJTJtjptKw7cU/view?usp=sharing
02_20_v52_i04.pdf,https://drive.google.com/file/d/1fhwq7JWrkzKEsyCHrn8zoLieQ_FZ4jfE/view?usp=sharing
05_21_v53_i05.pdf,https://drive.google.com/file/d/1DOpAXlomhmhMOXpFZfcqpVY5867oCV1T/view?usp=sharing
02_14_v46_i04.pdf,https://drive.google.com/file/d/1gLPbRVy5nsT0arSjUaA8MmwZMEMA4Ii1/view?usp=sharing
11_21_v54_i02.pdf,https://drive.google.com/file/d/1YKUwGjCrDidsfem9p5aj70G0SyEIoivi/view?usp=sharing
11_20_v53_i03.pdf,https://drive.google.com/file/d/16vmesH-xxUpUu_j-fijOci9-mStreTSz/view?usp=sharing
11_17_v50_i03.pdf,https://drive.google.com/file/d/1SxRThZV7bTMfHqH-7HX4pJQjiiow-uwq/view?usp=sharing
10_19_v52_i02.pdf,https://drive.google.com/file/d/14UH2lq5OcFcO2pMEM6DCq6gmmSr14DC6/view?usp=sharing
09_20_v53_i01.pdf,https://drive.google.com/file/d/1A2yvMKI1Ibfx3ZsfRVC9LAZOMLMMwzpO/view?usp=sharing
05_21_v54_i01.pdf,https://drive.google.com/file/d/1ZQIlcxp5ymEMbaMN4Oz2mjj9WluE-StO/view?usp=sharing
02_17_v49_i04.pdf,https://drive.google.com/file/d/1P0JLgy1mXJDXv4wV4gfp2g61sYEXW4xS/view?usp=sharing
04_17_v49_i05.pdf,https://drive.google.com/file/d/18GhR29OwY-kE65IDFwfE1U_EJpIOxgZN/view?usp=sharing
12_18_v51_i03.pdf,https://drive.google.com/file/d/1CL3Y1CVsKLtpzKRDacejL47Rfho4oShm/view?usp=sharing
10_18_v51_i02.pdf,https://drive.google.com/file/d/19T5kYmKQNo1sABaunCfIAb_5mtYxGj5L/view?usp=sharing
04_15_v47_i05.pdf,https://drive.google.com/file/d/1_LyeHSSWzZRbZTxtny3XncfF7Wx_v-E_/view?usp=sharing
04_16_v48_i05.pdf,https://drive.google.com/file/d/1X1eyUuHUYkuYOCjanAoL8J5t9er6M3xa/view?usp=sharing
08_14_v47_i01.pdf,https://drive.google.com/file/d/1FKPqvT4Rhp2zuHcKQDhx4ODZFWHqb-vl/view?usp=sharing
12_13_v46_i03.pdf,https://drive.google.com/file/d/111MOZsm9LAqiiJbvbi6zVcym09zCYcgA/view?usp=sharing
02_16_v48_i04.pdf,https://drive.google.com/file/d/1OSOm1VOhsqKtkbJ8_Dgs0vP8TMwF8i4l/view?usp=sharing
10_14_v47_i02.pdf,https://drive.google.com/file/d/1YW7ynxja4CUl0LF312nAyrN8OZdNF_9H/view?usp=sharing
01_15_v47_i03.pdf,https://drive.google.com/file/d/1aHD2TWLsLPxBozEDnMCnXsQxJezF8-IB/view?usp=sharing
01_22_v54_i03.pdf,https://drive.google.com/file/d/1PpYU5Nd98D4IyQdGuUEHeJDqwXrrmEXz/view?usp=sharing
03_22_v54_i04.pdf,https://drive.google.com/file/d/1tFJOVXj4E4E3qgp4sBFczXU1mRxcIudf/view?usp=sharing
03_15_v48_i04.pdf,https://drive.google.com/file/d/1f1eZT14W4VWYii__-Sdh868AxjBygCW8/view?usp=sharing
11_15_v48_i03.pdf,https://drive.google.com/file/d/1AjzKh8Vb1NL6a-ZpJX_vXeYwS56QCEoS/view?usp=sharing
11_16_v49_i03.pdf,https://drive.google.com/file/d/1dXd2Ca3vu60k2oqC4mMnXw7uXY-q0vNx/view?usp=sharing
10_16_v49_i02.pdf,https://drive.google.com/file/d/10KrbbYesx8wzkt-BtcZ7HF9uq2Ia4X9h/view?usp=sharing
10_20_v53_i02.pdf,https://drive.google.com/file/d/1LAE69tT1pUd75AWxMNrX-zTlC65-tglk/view?usp=sharing
10_13_v46_i02.pdf,https://drive.google.com/file/d/1m-eKQo3LlakOHuweu23C0qBo4vg8J5T7/view?usp=sharing
09_13_v46_i01.pdf,https://drive.google.com/file/d/1-iAajrbZDC_ZbuqmIVCm8a9ASCnGi8vq/view?usp=sharing
09_15_v48_i01.pdf,https://drive.google.com/file/d/14MPTJOMwDnrQAoAckjBHb5nw8StWkOFx/view?usp=sharing
09_16_v49_i01.pdf,https://drive.google.com/file/d/1CfcVxO8hgqHYOQZTzbvNs8IFIbOYY88d/view?usp=sharing
03_12_v44_i05.pdf,https://drive.google.com/file/d/11E8sHJJzaFyd4o-seVPUwjs7mLUH9qMx/view?usp=sharing
04_14_v46_i05.pdf,https://drive.google.com/file/d/1wwF2Ws-Jz0rvMg4jsmHgJ7ycKXVFdi2X/view?usp=sharing
12_12_v45_i03.pdf,https://drive.google.com/file/d/1HxIHAiMhZ12FbIPuvY_Lf_JLGHz6CyXE/view?usp=sharing
02_21_v53_i04.pdf,https://drive.google.com/file/d/1-I-C5ZL24ikax1a-Elgt7QRSSmup9MUX/view?usp=sharing
02_13_v45_i04.pdf,https://drive.google.com/file/d/1_lxpZOLMvXKRTBERQuRVkF_VlnTOUpyZ/view?usp=sharing
02_24_v56_i03.pdf,https://drive.google.com/file/d/118bx4_EfoJ7MkXhXVZmxUkKU0FD2Tgu_/view?usp=sharing
01_23_v55_i03.pdf,https://drive.google.com/file/d/1axrWfVLWitODUHratlbKwE8syuBoqUqA/view?usp=sharing
03_24_v56_i04.pdf,https://drive.google.com/file/d/1oKAZ0rIWsdiP5OM0vGMsRA5d7XbfUYyb/view?usp=sharing
03_23_v55_i04.pdf,https://drive.google.com/file/d/1FPfPL5FP3-IE8zMvvng1_BRthlX9sFwK/view?usp=sharing
03_12_v44_i04.pdf,https://drive.google.com/file/d/1_5m4ak1DHyz11Qy8yGkYEb9UtYkPP66s/view?usp=sharing
05_24_v56_i05.pdf,https://drive.google.com/file/d/1vl0BfvniOI-uhhrVEmDCSW5porKFH2-r/view?usp=sharing
05_23_v55_i05.pdf,https://drive.google.com/file/d/14hNF7fgE2yX928oDyY880aSOKzRpG5Ms/view?usp=sharing
11_22_v55_i02.pdf,https://drive.google.com/file/d/1dEpw3ZP1RkN7a9MW2r8c3EKBI6JWWpME/view?usp=sharing
11_23_v46_i02.pdf,https://drive.google.com/file/d/1OUk7AAHndIfwXP6W0t28lIhqlyzptlHF/view?usp=sharing
11_11_v44_i02.pdf,https://drive.google.com/file/d/1XEvDXf15uzJdsEsDZ2tX09ENXibsiOsO/view?usp=sharing
10_12_v45_i02.pdf,https://drive.google.com/file/d/1PAb2lRi6lyGDKDnCIxKNDNBPt6cmXTKp/view?usp=sharing
10_15_v48_i03.pdf,https://drive.google.com/file/d/1HTLoO26ZhB7XkMem5DTzg-te7ntKim-2/view?usp=sharing
09_19_v52_i01.pdf,https://drive.google.com/file/d/1Hc9UC_ZMLgqmRdYNalrzUyPgNcibdV3D/view?usp=sharing
09_22_v55_i01.pdf,https://drive.google.com/file/d/1LyQVUL-4-BsqXzVKhH_GpfvAUzSDIWLw/view?usp=sharing
09_24_v57_i01.pdf,https://drive.google.com/file/d/1hRhpeq-n5w185Nx3dmYDxpaYlBqtTvVm/view?usp=sharing
09_23_v56_i01.pdf,https://drive.google.com/file/d/1Nl8gJ7SILRCaOgURYOkoNfcvBZhLjFNH/view?usp=sharing
09_12_v45_i01.pdf,https://drive.google.com/file/d/1bu51diQp3xjID5u8DbahJDlNnObtceaQ/view?usp=sharing
09_11_v45_i02.pdf,https://drive.google.com/file/d/1ybZ8t6BBdhf49g9oq4NxirKyy5OZezqF/view?usp=sharing
04_13_v45_i05.pdf,https://drive.google.com/file/d/17N1cMyyZTkSg7ObebWrD0PIk5ERQmcGo/view?usp=sharing
11_10_v44_i03.pdf,https://drive.google.com/file/d/1gE7n9TONEX3MPKWpIkScveqzQnRjW8FF/view?usp=sharing
02_25_v57_i03.pdf,https://drive.google.com/file/d/1Ad-3SvhEr3Vn5ANoHfw0K7iEMASr_EtO/view?usp=sharing
05_22_v54_i05.pdf,https://drive.google.com/file/d/1wUXzByxDUklnhH7ufIu83xib9WVQZaRu/view?usp=sharing
11_24_v56_i02.pdf,https://drive.google.com/file/d/1c2_7BckWNGsWV2owjQpYOWdOxqDRHoGY/view?usp=sharing
10_17_v50_i02.pdf,https://drive.google.com/file/d/1wQMzVcQzAWQ4ihmLk2hsXp0To8m-2SHZ/view?usp=sharing
09_17_v50_i01.pdf,https://drive.google.com/file/d/14IJZeqbKYj8XDFgvcdf37_AI2DwMs2On/view?usp=sharing
09_18_v51_i01.pdf,https://drive.google.com/file/d/1cZ4uAJeIigpQ_gnpZvs9xK8d1pY_5Qow/view?usp=sharing
10_67_v01_i01.pdf,https://drive.google.com/file/d/1aZchCNLgFkoL1f2BQl_dUjlOus8XBL3_/view?usp=sharing
10_67_v01_i02.pdf,https://drive.google.com/file/d/16w7O9qfi_LMxRLjpYMpzhg-fjiXt-hpC/view?usp=sharing
11_67_v01_i03.pdf,https://drive.google.com/file/d/13nlzEYM9AcVqLRZ3JG8kiF5DzEf4IQId/view?usp=sharing
11_67_v01_i04.pdf,https://drive.google.com/file/d/1OqEgLgtaYGviHYaY0cs_gy7iQgTP4cWa/view?usp=sharing
12_67_v01_i05.pdf,https://drive.google.com/file/d/1zH0vNfpzbYJEurMCU22yfkcW2x2TwFge/view?usp=sharing
01_68_v01_i06.pdf,https://drive.google.com/file/d/1q2WYODyod4o5_CBnWFlVtnWsvsqRcpJB/view?usp=sharing
02_68_v01_i07.pdf,https://drive.google.com/file/d/1uyi3wmJhnzUhMcsAnif4VIdAkQY3bsQm/view?usp=sharing
02_68_v01_i08.pdf,https://drive.google.com/file/d/1RLiCyw1ZWB231F-JSoHW9-s6E8ymIZCw/view?usp=sharing
03_68_v01_i09.pdf,https://drive.google.com/file/d/1EGAgN7V3jfE3hffKWy434k5nk0wrz4Hp/view?usp=sharing
03_68_v01_i10.pdf,https://drive.google.com/file/d/1c4mTkXGYFPVgWnJyJDdlMKx5EKfpR7uZ/view?usp=sharing
04_68_v01_i11.pdf,https://drive.google.com/file/d/1WlV0R1izPP-pRaOl0VUicPGUzRVaU6_I/view?usp=sharing
04_68_v01_i12.pdf,https://drive.google.com/file/d/1z9gnj1k2N0kh5tqjxt1kqpfOwV_Eaf-f/view?usp=sharing
05_68_v01_i13.pdf,https://drive.google.com/file/d/1XU3LC9eUFMLW8fnL4k8FEI615GSC2R4d/view?usp=sharing
10_68_v02_i02.pdf,https://drive.google.com/file/d/1yAEzx9T9JWrZ5Vw2TfnZGVnAlAbPmaYA/view?usp=sharing
11_68_v02_i03.pdf,https://drive.google.com/file/d/1mmBe9XNsd2R0md708um9QKWJX0_KKqJH/view?usp=sharing
11_68_v02_i04.pdf,https://drive.google.com/file/d/1P6Nfa3OLe9zgXCtuAyuX8Q9whsu08TtU/view?usp=sharing
12_68_v02_i05.pdf,https://drive.google.com/file/d/1CTFYxxzkJreZGKYvqkGsX1E92v-S5ogR/view?usp=sharing
02_69_v02_i06.pdf,https://drive.google.com/file/d/1uDJUsEBDKN1Gipbbb-VxttQS7NYnth4p/view?usp=sharing
02_69_v02_i07.pdf,https://drive.google.com/file/d/1DLoGqQmHo54eLl2YZQlgBJjhw9DItDWs/view?usp=sharing
03_69_v02_i08.pdf,https://drive.google.com/file/d/1-arWFNFH3fgWSJromLMJPKaE3NjLUdVU/view?usp=sharing
04_69_v02_i09.pdf,https://drive.google.com/file/d/13bLw5F2NfK-jtMj5prizRagzaq7cqZvu/view?usp=sharing
04_69_v02_i10.pdf,https://drive.google.com/file/d/18BImdBH1im865Jf7kEEq8S6pfoWZf5zr/view?usp=sharing
05_69_v02_i11.pdf,https://drive.google.com/file/d/1ZL3iI7lSlGVthZ-XKBrKEvWNbOFNbWK6/view?usp=sharing
09_69_v03_i01.pdf,https://drive.google.com/file/d/1axLXsXQ7JHlTgaVzEYD25YqFrUqoLxra/view?usp=sharing
10_69_v03_i02.pdf,https://drive.google.com/file/d/1hPIfgKGDylfOSwaCDhC70FJmrTSgavL0/view?usp=sharing
10_69_v03_i03.pdf,https://drive.google.com/file/d/1RPvAuOY2wt_rlHfwYp3plWIDEqK-CbI_/view?usp=sharing
11_69_v03_i04.pdf,https://drive.google.com/file/d/12BDhg8sEIoi_CZ-NkXN4MPfhKFANLS9i/view?usp=sharing
11_69_v03_i05.pdf,https://drive.google.com/file/d/13XFQEYtEuz41axCWS7WbuwzVcJZc5uWQ/view?usp=sharing
12_69_v03_i06.pdf,https://drive.google.com/file/d/1zaV6-8wufXrDqzSHou5C9Scy0WbEs4Xx/view?usp=sharing
02_70_v03_i07.pdf,https://drive.google.com/file/d/1A3WhSsvbvcTVfbxr3q1ClaCrRANIF2k_/view?usp=sharing
02_70_v03_i08.pdf,https://drive.google.com/file/d/1uPI1ZNeHqybB6MTeywL3-Cx_RkOaEuxl/view?usp=sharing
03_70_v03_i09.pdf,https://drive.google.com/file/d/1eN5RmsoIiTtnX3DKMz1vU5FsKFxxctZL/view?usp=sharing
04_70_v03_i10.pdf,https://drive.google.com/file/d/1TnRjjP-oqVv9Ktpb4SDMOjbakbAd1wKN/view?usp=sharing
04_70_v03_i11.pdf,https://drive.google.com/file/d/1B_1jHJDlwIwhb1m3k-B40CFTG19FCHZ7/view?usp=sharing
10_71_v05_i01.pdf,https://drive.google.com/file/d/1AaODCK-xw4imq-v6kGVkGN_CGbeH0QMS/view?usp=sharing
11_71_v05_i02.pdf,https://drive.google.com/file/d/1MRMLoLjCxparM0jIJf4WYdsXD84X5_Ae/view?usp=sharing
11_71_v05_i03.pdf,https://drive.google.com/file/d/1_-yV6XWR6ubPi8Cz4w8nhfkruLy7792-/view?usp=sharing
10_72_v06_i01.pdf,https://drive.google.com/file/d/19mnxpwvJ-PKJ-Pep23v9-hwoQy6Ki1C1/view?usp=sharing
12_72_v06_i02.pdf,https://drive.google.com/file/d/12v0IR-FCiIq38bIZlJ2t4Gza-jipnu0l/view?usp=sharing
01_73_v06_i03.pdf,https://drive.google.com/file/d/1HP61WTi5ma9vPD2ky4ApaOOqy7ZJs5sR/view?usp=sharing
05_73_v06_i04.pdf,https://drive.google.com/file/d/1VsvVtuM97PFmGQEfHkSyjpvX0NOmhMRN/view?usp=sharing
10_73_v07_i01.pdf,https://drive.google.com/file/d/1trYRLU0Me1VRv0hgiBBzByc71lhTZSgb/view?usp=sharing
11_73_v07_i02.pdf,https://drive.google.com/file/d/134pr2TYNfwEbuVtPhEhW2UEWVCSFLW23/view?usp=sharing
03_74_v07_i03.pdf,https://drive.google.com/file/d/1gukeqm0lJsl-8kWS05uSrR5cXC04BDGL/view?usp=sharing
04_74_v07_i04.pdf,https://drive.google.com/file/d/1kW4A8a_YkvkT76wIP_YWsCPNpyWO8LVr/view?usp=sharing
10_74_v08_i01.pdf,https://drive.google.com/file/d/1_iMxTjIe7CuABnBUulwp4hgODOrh_GPc/view?usp=sharing
11_74_v08_i02.pdf,https://drive.google.com/file/d/1LgNBEVP27Kx4rGIsOYa2IBYvjq55D17g/view?usp=sharing
12_74_v08_i03.pdf,https://drive.google.com/file/d/1jH_O3h43JjlykVlo7KcRfz2F8-veSMDN/view?usp=sharing
02_75_v08_i04.pdf,https://drive.google.com/file/d/12avkGl3cEO49WYBfygylhwDEBIPP8czo/view?usp=sharing
03_75_v08_i05.pdf,https://drive.google.com/file/d/1QUYWB7vzwNDptzmYtSzuB25GyV0-2uwf/view?usp=sharing
04_75_v08_i06.pdf,https://drive.google.com/file/d/1US_hHWxN8v02E3Y1z91URpygsit_FxWR/view?usp=sharing
10_75_v09_i01.pdf,https://drive.google.com/file/d/1_hnrvt4U_V-zbufWEgmCvGlGa5kPQ8u7/view?usp=sharing
11_75_v09_i02.pdf,https://drive.google.com/file/d/1UliQPSjlzHDnpfRIR7H8T49Ye48Dawji/view?usp=sharing
03_77_v10_i01.pdf,https://drive.google.com/file/d/1wJFT1_rpRoxi-dVEOGkDfT7BOI-53Cq8/view?usp=sharing
03_77_v10_i02.pdf,https://drive.google.com/file/d/1RJiQ7u3WTZP2or0K5xEcEtd6ato1SD-q/view?usp=sharing
10_77_v11_i01.pdf,https://drive.google.com/file/d/1CVmJBkThAgylEXHJQ-mejEle0di6Izcw/view?usp=sharing
12_77_v11_i02.pdf,https://drive.google.com/file/d/1let1E764tyo3wtTubGApvXKfL88i12O9/view?usp=sharing
03_78_v11_i03.pdf,https://drive.google.com/file/d/1Fx6gFUB3VN5Hm7rufgSRGLbuTsnyQyHd/view?usp=sharing
05_78_v11_i04.pdf,https://drive.google.com/file/d/10om4JJUP7eqsOyZ1_au_H_tCcKjjOFDH/view?usp=sharing
10_78_v12_i01.pdf,https://drive.google.com/file/d/1_GGbSXYfjfMUwAfGJipkPN_D3FN_N7ZW/view?usp=sharing
12_78_v12_i02.pdf,https://drive.google.com/file/d/1fRkzkEziquDWhcf-2ii-0FiTUM6omT02/view?usp=sharing
04_79_v12_i03.pdf,https://drive.google.com/file/d/1smnTr7cHaShICPLTtR11EbD9wm2sC2bg/view?usp=sharing
11_79_v13_i01.pdf,https://drive.google.com/file/d/14GFtP618SfaCulHm7xlIszLYzQG_1lR5/view?usp=sharing
09_81_v14_i01.pdf,https://drive.google.com/file/d/1bO1fGPTRKyeOMlT61plSS0iGelLnsR9L/view?usp=sharing
10_81_v14_i02.pdf,https://drive.google.com/file/d/1gBTKqphJXV5nfEdVMkQEeSW50emFW08Q/view?usp=sharing
12_81_v14_i03.pdf,https://drive.google.com/file/d/1wKC2wzhekwsboL5c-Hgw1RVcnb4Ht7zB/view?usp=sharing
01_82_v14_i04.pdf,https://drive.google.com/file/d/1ODVy1sihB9xOfCqi2Cr4_eQhDALWjiWL/view?usp=sharing
02_82_v14_i05.pdf,https://drive.google.com/file/d/1uyTRfixTITCMTlM0l47KBH1kogM2vQYk/view?usp=sharing
04_82_v14_i06.pdf,https://drive.google.com/file/d/1fnGfQYOWddR_EMFYzcovfaLXPb9UMXPz/view?usp=sharing
09_82_v15_i01.pdf,https://drive.google.com/file/d/1RUtWVXXu3XvY0ZOtyk96bhR0urn8evg8/view?usp=sharing
10_82_v15_i02.pdf,https://drive.google.com/file/d/1-omB7s4BAXPq0xTkWWnO0mJD8mebQ-Ca/view?usp=sharing
12_82_v15_i03.pdf,https://drive.google.com/file/d/1kPiisVCkViQVf8-u-lw56oS1I6ia0Epu/view?usp=sharing
01_83_v15_i04.pdf,https://drive.google.com/file/d/1aXmWhM4yq8TBjySPkK_1c1UMCM9ny5xH/view?usp=sharing
02_83_v15_i05.pdf,https://drive.google.com/file/d/1Nud9d-hj3Itc4GNvVId5H_V_fDfLCOc8/view?usp=sharing
04_83_v15_i06.pdf,https://drive.google.com/file/d/11hq9suO1uRTxP1bqzojzZRpFJWbbvuzY/view?usp=sharing
09_83_v16_i01.pdf,https://drive.google.com/file/d/1ScIyewVtqyrLjaUqTGJVvYjHnm8SLrna/view?usp=sharing
10_83_v16_i02.pdf,https://drive.google.com/file/d/1gMpLQrL6blUdndszvUNam1aQd3mNhCi4/view?usp=sharing
12_83_v16_i03.pdf,https://drive.google.com/file/d/1xfztoCSl-vusOHXzonIJy2isw1o_Z8_l/view?usp=sharing
02_84_v16_i04.pdf,https://drive.google.com/file/d/1Fcx9YKQm84TuTTg08z7KPjX1OCjwl5A_/view?usp=sharing
03_84_v16_i05.pdf,https://drive.google.com/file/d/1pHuv3PzGQ7kYNgUW9oTKNtgcJeAUjgwo/view?usp=sharing
04_84_v16_i06.pdf,https://drive.google.com/file/d/1jOZqJ0tjPndxkSTEWr6-AsIYp5Tdtr6m/view?usp=sharing
09_84_v17_i01.pdf,https://drive.google.com/file/d/1D5f_0idCOJ67uR2HzC5nJUUCguzLzBbk/view?usp=sharing
10_84_v17_i02.pdf,https://drive.google.com/file/d/1DHtxEAPM_3AqGPTC2QkuwGwzzuuHQw3Q/view?usp=sharing
12_84_v17_i03.pdf,https://drive.google.com/file/d/1xQtPbgrQWtiac5Peg-gnlU4YnymyhuzT/view?usp=sharing
02_85_v17_i04.pdf,https://drive.google.com/file/d/1TNMzMfrYv_8L-DnLsvofYwHk2bPCwFwY/view?usp=sharing
03_85_v17_i05.pdf,https://drive.google.com/file/d/1oYFP1_Bc6cOKLI7sAWELPkW4HXwKytm8/view?usp=sharing
04_85_v17_i06.pdf,https://drive.google.com/file/d/1-Sy6AnUZnRhF4q3M9ML0FUYlE3uFCSqj/view?usp=sharing
09_85_v18_i01.pdf,https://drive.google.com/file/d/1sGGE6B4u_d2AgXgyD32Fikz3pwaNIn2G/view?usp=sharing
10_85_v18_i02.pdf,https://drive.google.com/file/d/1JQJVLireYbOtdZwFkA6Tb3nDBQosApzo/view?usp=sharing
12_85_v18_i03.pdf,https://drive.google.com/file/d/1xZIfAVVBPsFi9BSO5kEdSyAEmcQDGphF/view?usp=sharing
01_86_v18_i04.pdf,https://drive.google.com/file/d/1WvzbJ08-d8M2aA6WKdE4rkQgjH4TccJs/view?usp=sharing
02_86_v18_i05.pdf,https://drive.google.com/file/d/1hmd9dpVgnKffcSDApPcQ8kVpgoW3LSOp/view?usp=sharing
04_86_v18_i06.pdf,https://drive.google.com/file/d/1oYAjGK_nxQMaEVQgY-Jbez7LWEkxhHm5/view?usp=sharing
09_86_v19_i01.pdf,https://drive.google.com/file/d/10b4eDkUf9C0ajfRfpuTwnKTEJLebiNw5/view?usp=sharing
10_86_v19_i02.pdf,https://drive.google.com/file/d/1YRJYxLD7aB-v0Iuuu2nqw5tTA1lsexLH/view?usp=sharing
12_86_v19_i03.pdf,https://drive.google.com/file/d/1DNqxPLgqfv4-DfdvzODhiesNwQEf7bn3/view?usp=sharing
01_87_v19_i04.pdf,https://drive.google.com/file/d/1pjA-UMHkbtwgwjAaOdKk4b_B3w65V7hH/view?usp=sharing
02_87_v19_i05.pdf,https://drive.google.com/file/d/18NwVVudJLzkJhpOu_KgMSW6r6RkfWEDH/view?usp=sharing
04_87_v19_i06.pdf,https://drive.google.com/file/d/1NNNwJeFafmSJwOKceCO2FhlHxWVBnzHU/view?usp=sharing
09_87_v20_i01.pdf,https://drive.google.com/file/d/1ikhWMDyfZtpxUTiStGQKr8F3fXFyMj-0/view?usp=sharing
10_87_v20_i02.pdf,https://drive.google.com/file/d/1YLYYTQOgAUL8VKdW5QSxpQ8wo2ovItCZ/view?usp=sharing
12_87_v20_i03.pdf,https://drive.google.com/file/d/1oUzJuBBnxQLeS2iVah9cbPpG4-ayskAR/view?usp=sharing
02_88_v20_i04.pdf,https://drive.google.com/file/d/1QtpfFBHxrafW28i3IusQ2fjTzwSlW1Tx/view?usp=sharing
03_88_v20_i05.pdf,https://drive.google.com/file/d/1_9aho_bDpNhvA7Uea-P2MgULzeooU_L0/view?usp=sharing
04_88_v20_i06.pdf,https://drive.google.com/file/d/1BHmu708Oas9C2ZT6V7Ivnj2ZoFalnSDB/view?usp=sharing
09_88_v21_i01.pdf,https://drive.google.com/file/d/1VEGvDFqJjys2AIK7U3GOIa5sWd-mj4cg/view?usp=sharing
10_88_v21_i02.pdf,https://drive.google.com/file/d/1tfx1LMUDvHi9onfe1SHSCYQunag5EGYs/view?usp=sharing
12_88_v21_i03.pdf,https://drive.google.com/file/d/1MkM02rBOZcV7Im5qe60fdi-LqNCbRK38/view?usp=sharing
02_89_v21_i04.pdf,https://drive.google.com/file/d/1nXn6HzVjyQ0dxKHpiqYhN8BdB9-Iddjv/view?usp=sharing
03_89_v21_i05.pdf,https://drive.google.com/file/d/1BqerWD5jmmxm69pzQqFjr_wVLtnQXuuN/view?usp=sharing
04_89_v21_i06.pdf,https://drive.google.com/file/d/1smc-Kmb-xhjash2WOJ_tKLGIwiEmkuew/view?usp=sharing
09_89_v22_i01.pdf,https://drive.google.com/file/d/1Amo0NBvpFa25CC5wSp7YqrdRsG4tRzOr/view?usp=sharing
10_89_v22_i02.pdf,https://drive.google.com/file/d/1CqTw3PTbQEW5CrGfe-7_HFBNTY9_OvD5/view?usp=sharing
12_89_v22_i03.pdf,https://drive.google.com/file/d/1zyi5uLGEuVZRzS86bAe6R8GeOxNyj3km/view?usp=sharing
02_90_v22_i04.pdf,https://drive.google.com/file/d/1iOvjqAY29zf2db96_xPlSWr5Lg-keRCk/view?usp=sharing
03_90_v22_i05.pdf,https://drive.google.com/file/d/1Kqg5UzOAkoH0N3AB9h_ruzfO3ZlYqRRq/view?usp=sharing
04_90_v22_i06.pdf,https://drive.google.com/file/d/1YvyKpQ5B94VdiaAnmQ9Zptf3eFp607D-/view?usp=sharing
09_90_v23_i01.pdf,https://drive.google.com/file/d/1wBYZbK0w6qnJuTS5itZ_oYx9B6-qRDO6/view?usp=sharing
10_90_v23_i02.pdf,https://drive.google.com/file/d/1b-GBdcevKQ0okKCpF_8mMQQyF_Pec7lg/view?usp=sharing
11_90_v23_i03.pdf,https://drive.google.com/file/d/1Acb0PGGMntcB1qIDah-hBukaHTHexW1P/view?usp=sharing
02_91_v23_i04.pdf,https://drive.google.com/file/d/1_QsnGtRokv8-faeagpUIGZeYVfEPmpr5/view?usp=sharing
04_91_v23_i05.pdf,https://drive.google.com/file/d/180bUmDnlnD6Ugq36Y_7Lay86VNuJam2f/view?usp=sharing
09_91_v24_i01.pdf,https://drive.google.com/file/d/1Nse7Hyf1XD_UTDe5T0CkcjhsqbnxXIHP/view?usp=sharing
10_91_v24_i02.pdf,https://drive.google.com/file/d/1qihS2-zNbQH4hpMDLDTI-w8uLpc2MNcl/view?usp=sharing
12_91_v24_i03.pdf,https://drive.google.com/file/d/1FNh8FCFF7ZQBY3RZNuDrJjWLh4W13bwD/view?usp=sharing
02_92_v24_i04.pdf,https://drive.google.com/file/d/1PE5aVLGHZm5A3gD-YaODQiJ6T-OlAPvY/view?usp=sharing
04_92_v24_i05.pdf,https://drive.google.com/file/d/14uRwL_l2Y0XKzpGpwKDUSQPyTa3ZdvDw/view?usp=sharing
09_92_v25_i01.pdf,https://drive.google.com/file/d/16Gqk7sgKAYsA67DxsxWsEV_RoA7fSvYt/view?usp=sharing
10_92_v25_i02.pdf,https://drive.google.com/file/d/15c9QhEXeXtbco2DGmVIPIp9gL5R7OJwF/view?usp=sharing
12_92_v25_i03.pdf,https://drive.google.com/file/d/1K-rX9MRaHRuzTwVwNfUh2cDX9-Gs7v1c/view?usp=sharing
02_93_v25_i04.pdf,https://drive.google.com/file/d/1H8l9zw2i4I_QLjjl5YptaLWme3Ryz1bL/view?usp=sharing
04_93_v25_i05.pdf,https://drive.google.com/file/d/16FzOBpl9FoO4Q4ON7HEgJjYRX2HBTtzi/view?usp=sharing
09_93_v26_i01.pdf,https://drive.google.com/file/d/1_YGIXLCrf62huO5nFSreom8aK8hCDQNo/view?usp=sharing
10_93_v26_i02.pdf,https://drive.google.com/file/d/14QAfbZlaCzBNBk1kNd4gmU4Tvj7cFV0Q/view?usp=sharing
12_93_v26_i03.pdf,https://drive.google.com/file/d/1oJyTj5HootitjUtHe_lubTrqN_6iidiY/view?usp=sharing
01_94_v26_i04.pdf,https://drive.google.com/file/d/1xiVH3czaIJcBybbmFSDjlZLkMpLoCYt9/view?usp=sharing
09_94_v27_i01.pdf,https://drive.google.com/file/d/1xbBKlrk8Rp7Mr5HS9HQEEx1R4aftOxXA/view?usp=sharing
10_94_v27_i02.pdf,https://drive.google.com/file/d/1YPQJgJQF1Qvv5GYh94BsDd3MjEE-zxTe/view?usp=sharing
12_94_v27_i03.pdf,https://drive.google.com/file/d/1uZswyfcBhzr9y1spslMH4ET13kJkGeUL/view?usp=sharing
02_95_v27_i04.pdf,https://drive.google.com/file/d/1_SEbZzNwvxShcb41eQobSEe8K8GLuQ16/view?usp=sharing
04_95_v27_i05.pdf,https://drive.google.com/file/d/1-RxQaWKONlLJoggCtMlo4kKKyhRDI-o9/view?usp=sharing
09_95_v28_i01.pdf,https://drive.google.com/file/d/1tq_u87PmPKg2StuVTklYp47qOY7wL_27/view?usp=sharing
10_95_v28_i02.pdf,https://drive.google.com/file/d/1C8dRLV1VRJddhA7SyeTFHXXib7M5fffK/view?usp=sharing
12_95_v28_i03.pdf,https://drive.google.com/file/d/12aY7bHqL_d32rRjYXqqRC2bWunyGm4_F/view?usp=sharing
02_96_v28_i04.pdf,https://drive.google.com/file/d/1CYn89tINcmOWMPT9Py-Ir8mTMZD5NCo5/view?usp=sharing
04_96_v28_i05.pdf,https://drive.google.com/file/d/1W7ojtUo7lbNmJWwuNnCWlU_dwkpjaH_n/view?usp=sharing
09_96_v29_i01.pdf,https://drive.google.com/file/d/1o-SgXzbZ5b8pK2ddRsLPWUraFdZ7xLQj/view?usp=sharing
10_96_v29_i02.pdf,https://drive.google.com/file/d/19giNFhmOjXK5Zz7MKYIr2C57H64EZnGH/view?usp=sharing
12_96_v29_i03.pdf,https://drive.google.com/file/d/1w0uWIEU20H_Hhf06j4YM5lRpZaEjpaMr/view?usp=sharing
02_97_v29_i04.pdf,https://drive.google.com/file/d/1Amb4JmslUxh-xK10a08Xk5mn6O0npbei/view?usp=sharing
04_97_v29_i05.pdf,https://drive.google.com/file/d/1Nc6XGV2ty-ATxJJETaGOIvKAtbvkMeV5/view?usp=sharing
09_97_v30_i01.pdf,https://drive.google.com/file/d/1v6d_baboMVfqxKqpOMNlW5R7RdwKWkUd/view?usp=sharing
10_97_v30_i02.pdf,https://drive.google.com/file/d/1bmi0tFt1VCZQfd5qZIFhuFUZkjg4hiOl/view?usp=sharing
12_97_v30_i03.pdf,https://drive.google.com/file/d/1RICFi_mTHNAKFfz42izsvAn8ZhZXGDl3/view?usp=sharing
02_98_v30_i04.pdf,https://drive.google.com/file/d/1icW4AcYbx3glv9xBtDnQ4mnR0iu0NOdq/view?usp=sharing
04_98_v30_i05.pdf,https://drive.google.com/file/d/1N83yIhX7G-914CxS-58mkWbAO3ElZIbM/view?usp=sharing
09_98_v31_i01.pdf,https://drive.google.com/file/d/1n5E33QogqZyXw3tAuapt3jBoTR_R996-/view?usp=sharing
10_98_v31_i02.pdf,https://drive.google.com/file/d/1FcazmfTWsYW7B0OyoDOKfgAYlRNBSKXd/view?usp=sharing
11_98_v31_i03.pdf,https://drive.google.com/file/d/11BqckqkYS7eb113ZPLpG6YY1pBtqBYaH/view?usp=sharing
02_99_v31_i04.pdf,https://drive.google.com/file/d/1yGzO4yQGb68RlyZH9mHh9JJR8U2DF7i_/view?usp=sharing
04_99_v31_i05.pdf,https://drive.google.com/file/d/1dVAqs_W7FSB2f_e8KVI-vaeMpykfgJBR/view?usp=sharing
09_99_v32_i01.pdf,https://drive.google.com/file/d/1TygYM91ecIV0dGmRN4CRFJJ8F0JG5TCR/view?usp=sharing
10_99_v32_i02.pdf,https://drive.google.com/file/d/1OuOcRf-o7D8p3j360tDGEiXxbUi4zkfy/view?usp=sharing
11_99_v32_i03.pdf,https://drive.google.com/file/d/1Eo6bTraoRAEBrscg4VtNTUWlLAYfIbZE/view?usp=sharing
02_00_v32_i04.pdf,https://drive.google.com/file/d/1aGAbvtQ5cYEzfW8UsRtNbdJjb3EumIDa/view?usp=sharing
04_00_v32_i05.pdf,https://drive.google.com/file/d/1YU0U8S0ATFxmewwg6YgoX7agh4UZnYUG/view?usp=sharing
09_00_v33_i01.pdf,https://drive.google.com/file/d/1fAuRriAXrQ-8CNSEyI2mEOHAGt5_0fzB/view?usp=sharing
10_00_v33_i02.pdf,https://drive.google.com/file/d/1NKWOWomfWiF9p24Vc_fsc2S9MZAXviis/view?usp=sharing
11_00_v33_i03.pdf,https://drive.google.com/file/d/1OJdJXvJ2aROu8vJ2v74WnEQaitXO3aI7/view?usp=sharing
02_01_v33_i04.pdf,https://drive.google.com/file/d/1Jmc_jHQ7CPW3jWrwdnAZroDCIOsgLUR-/view?usp=sharing
04_01_v33_i05.pdf,https://drive.google.com/file/d/1xIS2hvbCt5A6C8VpgQEdCg8PlTUYCfAh/view?usp=sharing
09_01_v34_i01.pdf,https://drive.google.com/file/d/1csk7WXa2jfg3RdxNLYLfxKN35w6mb7vz/view?usp=sharing
10_01_v34_i02.pdf,https://drive.google.com/file/d/1snD-gHJUyoOJisi3SxNySNzywJaCPvQO/view?usp=sharing
12_01_v34_i03.pdf,https://drive.google.com/file/d/1ew17ax2P7jjsdjDUq5HNpR0Y9rsXZElw/view?usp=sharing
02_02_v34_i04.pdf,https://drive.google.com/file/d/12BGBGvFRrc70c1Ggq9d8za7s4a3LdYxG/view?usp=sharing
04_02_v34_i05.pdf,https://drive.google.com/file/d/1LgdofFh9Qc7kPGG7-3wAquiYsdc5Qb9j/view?usp=sharing
09_02_v35_i01.pdf,https://drive.google.com/file/d/1JuzHg1OT4p3NeB3svk7-0HeCqoyIjCfi/view?usp=sharing
10_02_v35_i02.pdf,https://drive.google.com/file/d/1qRet21bLc7f7Sa6UodeP4zz6ZItS9ooQ/view?usp=sharing
11_02_v35_i03.pdf,https://drive.google.com/file/d/1K67WBs-Oj8KYzjL5VFudgUh3MpSGWRIC/view?usp=sharing
02_03_v35_i04.pdf,https://drive.google.com/file/d/1eOQcLl4Rt0yGa1GBh7lVv_7wK31zszg5/view?usp=sharing
04_03_v35_i05.pdf,https://drive.google.com/file/d/1ItruU6dmYBjJNbDk7G_B19C0Q-1fC9_O/view?usp=sharing
10_03_v36_i01.pdf,https://drive.google.com/file/d/1ncY36eBp_wiHUrd2m-qa5YCw_1gQFgGc/view?usp=sharing
11_03_v36_i02.pdf,https://drive.google.com/file/d/1MeyPlF6ujUwatrZG077-KsvOeFIiRZBT/view?usp=sharing
02_04_v36_i03.pdf,https://drive.google.com/file/d/1Bvi3ozI1443zaT5lUNlOd0RGeFlyrlZQ/view?usp=sharing
04_04_v36_i04.pdf,https://drive.google.com/file/d/1UoFqKJVn4l2zXFm1KOP9lW_ghOZ_CWfA/view?usp=sharing
09_04_v37_i01.pdf,https://drive.google.com/file/d/1fzcbFQpOeyeTqnXMR5dXJSBBLRwacfv8/view?usp=sharing
10_04_v37_i02.pdf,https://drive.google.com/file/d/1lIT_bcSS-G6cXLAbTvIFqp_c1SkWU_qd/view?usp=sharing
11_04_v37_i03.pdf,https://drive.google.com/file/d/1sozZNegbZTgZvlqv2z-_soYRpVaqZ6z3/view?usp=sharing
02_05_v37_i04.pdf,https://drive.google.com/file/d/1iXIkgiZf44HlSd9i4GoW-sBt4AbsESTb/view?usp=sharing
04_05_v37_i05.pdf,https://drive.google.com/file/d/1rCr42lGqAx2L_Ywm1yWNBiZ37wvHeu0F/view?usp=sharing
09_05_v38_i01.pdf,https://drive.google.com/file/d/1NteFPzQFqjyCNTzc3SRFGO8o7zNdW9dW/view?usp=sharing
10_05_v38_i02.pdf,https://drive.google.com/file/d/1DWV8WUcmRtzbyLDLeGxxUbumVquwujmR/view?usp=sharing
11_05_v38_i03.pdf,https://drive.google.com/file/d/10XjyxZfiTtIRtJL0UarbPZCq5HAFCGmL/view?usp=sharing
02_06_v38_i04.pdf,https://drive.google.com/file/d/1wzi-j47AIKLxgckoWL7-rySJagqnI8al/view?usp=sharing
04_06_v38_i05.pdf,https://drive.google.com/file/d/1AGmFuvQkentzi7QpfSe0Hixz2tt_H65d/view?usp=sharing
09_06_v39_i01.pdf,https://drive.google.com/file/d/1njZPjIaAHedP8EqdwoGz6z5JG2NnXRX7/view?usp=sharing
10_06_v39_i02.pdf,https://drive.google.com/file/d/1aGcSUy-L5lyKIJiD7zJA9FoA6k58f9Xp/view?usp=sharing
11_06_v39_i03.pdf,https://drive.google.com/file/d/10q1KYDbEIJHtHQk9a2bPOFc9tKZwaNN5/view?usp=sharing
02_07_v39_i04.pdf,https://drive.google.com/file/d/1XwfMX7HlHtN2TnxDZ-9sfUF51nPBMm1O/view?usp=sharing
05_07_v39_i05.pdf,https://drive.google.com/file/d/1O6diRGwjXGfuQYn0rIth8bCH5Ar5QfEB/view?usp=sharing
09_07_v40_i01.pdf,https://drive.google.com/file/d/1thj_CAubQK8SapLfo3MJrsvItz_GxQtW/view?usp=sharing
10_07_v40_i02.pdf,https://drive.google.com/file/d/1STUXu4Oe2rSr8iC668P1v3QNcI85quO3/view?usp=sharing
12_07_v40_i03.pdf,https://drive.google.com/file/d/1GcYvZ_zcRqKzQwUZNkJxu-iX2LbcUrjW/view?usp=sharing
02_08_v40_i04.pdf,https://drive.google.com/file/d/1e4SHshwGxp1b0fU79B2P7aULdpGVCB6Z/view?usp=sharing
04_08_v40_i05.pdf,https://drive.google.com/file/d/1A0-oVLJUuggG223G_LevbQeFrg9B7aJ7/view?usp=sharing
09_08_v41_i01.pdf,https://drive.google.com/file/d/1m40XXSNQooMYEN_mKiDqOrVHyf4g9bU0/view?usp=sharing
10_08_v41_i02.pdf,https://drive.google.com/file/d/1Z5FojNfJjYE-uuc6IF5Z8i2bY-1rL5Df/view?usp=sharing
11_08_v41_i03.pdf,https://drive.google.com/file/d/15f0ikw7KNMLgYuv1aCbFakjc6eWPScA0/view?usp=sharing
02_09_v41_i04.pdf,https://drive.google.com/file/d/1AyLo16_STdPWaXunH7-btKrdkOd9rsPA/view?usp=sharing
09_09_v42_i01.pdf,https://drive.google.com/file/d/1Spl66z45ggp-6IB8hwVRJUofqwacn5fw/view?usp=sharing
10_09_v42_i02.pdf,https://drive.google.com/file/d/1JlDMZuE3OdbThxozBKuvM8OAoxX7nDNM/view?usp=sharing
11_09_v42_i03.pdf,https://drive.google.com/file/d/1u1V4Svk4_IY7a3dmqo80x9b-igc96Cm5/view?usp=sharing
02_10_v42_i04.pdf,https://drive.google.com/file/d/1uOfRxROtcCzaM3t3uCbax0fEFTgWxzCI/view?usp=sharing
04_10_v42_i05.pdf,https://drive.google.com/file/d/1ZOZIpa-IF1svUrAqNSZ61G_uMwccjxE3/view?usp=sharing
09_10_v43_i01.pdf,https://drive.google.com/file/d/1qFgbKmpbpeWOOoYMVlj4NBkoAeg-fK9c/view?usp=sharing
10_10_v43_i02.pdf,https://drive.google.com/file/d/1K5vq_6jjDkq6cjVKIEes9UGTDye5_vEs/view?usp=sharing
05_11_v43_i05.pdf,https://drive.google.com/file/d/1IfVVYs1x6m0mjeaMhEuzPyQg7myIbKcC/view?usp=sharing